{"count":1,"self":35.3874048,"total":38.688649999999996,"children":{"InitializeActuators":{"count":1,"self":0.0034779999999999998,"total":0.0034779999999999998,"children":null},"InitializeSensors":{"count":1,"self":0.00279,"total":0.00279,"children":null},"AgentSendState":{"count":1887,"self":0.048707,"total":0.151605,"children":{"CollectObservations":{"count":384,"self":0.018630999999999998,"total":0.018630999999999998,"children":null},"WriteActionMask":{"count":384,"self":0.0043289999999999995,"total":0.0043289999999999995,"children":null},"RequestDecision":{"count":384,"self":0.013299,"total":0.079938,"children":{"AgentInfo.ToProto":{"count":384,"self":0.014525,"total":0.066639,"children":{"GenerateSensorData":{"count":384,"self":0.052114,"total":0.052114,"children":null}}}}}}},"DecideAction":{"count":1887,"self":2.916458,"total":2.916458,"children":null},"AgentAct":{"count":1887,"self":0.22194999999999998,"total":0.22194999999999998,"children":null},"AgentInfo.ToProto":{"count":11,"self":0.00036899999999999997,"total":0.0010969999999999999,"children":{"GenerateSensorData":{"count":11,"self":0.00072799999999999991,"total":0.00072799999999999991,"children":null}}}},"gauges":{"Badminton_Shrink.CumulativeReward":{"count":11,"max":2.04872823,"min":0.827,"runningAverage":1.6633873,"value":1.66575146,"weightedAverage":1.711792}},"metadata":{"timer_format_version":"0.1.0","start_time_seconds":"1714614354","unity_version":"2022.3.7f1","command_line_arguments":"\/Users\/shuny\/Files\/Programming\/Research\/Info-max\/Badminton_Shrink\/Badminton_Shrink-v4\/Badminton_Shrink-v4.app\/Contents\/MacOS\/UnityEnvironment --mlagents-port 5005","communication_protocol_version":"1.5.0","com.unity.ml-agents_version":"2.3.0-exp.3","scene_name":"Low_Level_2d_Distance","end_time_seconds":"1714614392"}}